lat,lng,aeg,omavalitsus,staatus,teade,teema,foto,kommentaar
59.343010581545,24.5894622802734,2016-11-11 09:49:01,"Saue vald",ei ole vaadatud," Koidu tee 10 ees on tänavavalgustuslamp maha sõidetud.",lamp,http://www.anna-teada.ee/photos/4f74a8fc-a7e3-11e6-b16a-a2533b7948e7.jpg,
58.3775028614997,24.5095431804657,2016-11-11 08:11:06,"Pärnu linn",vaadatud,"Muidu tee osal Aia tn. kuni -  Side tn. ei lõigatud 2016 kevadel Pärna puudelt vesikasve (ainult puudelt Supeluse pst.kuni -  kuni Aia tn.). 2016 Suvel siis kaubikud mööda sõidul rebisid  puudelt  vesikasve ja lehed lendasid",,http://www.anna-teada.ee/photos/a15a772c-a7d5-11e6-a0d5-a2533b7948e7.jpg,
59.3452142885383,24.6446677210042,2016-11-11 07:57:58,"Saku vald",vaadatud,"Tere. On saabunud taas talv ja jälle on päevakorras iga aastane probleem, et ei puhastata koolilaste bussipeatuse taskut (Metsavaimu tee) ja lapsed peavad seisma tee ääres, mis on hommikusel ajal kell 7.10 suht hämar veel ja kui vaatate asukohta, siis kurviline ja piiratud vaatega. Seega palun edastada see kiri teehooldajale. Loodan, et ma ei pea iga kord peale lumesadu uuesti selliseid kirju Teile saatma, sest see on ju elementaarne tagada laste ohutus. Lugupidamisega Rene Hansen.",,,
58.809408056934,25.4159045219421,2016-11-11 01:45:41,"Türi vald",ei ole vaadatud,"Asi selles, et tänavad on nii libedad, et jalul seista on võimatu. Räägin hetkel konkreetselt Kaare tänavast.  Hommikul libastus isa väga õnnetult ja õhtul oli sarnane olukord minul. Kukkusin ühe korra ja oleksin kukkunud veel mitmed korrad. Mu vanem õepoeg läheb hommikul sealt kooli ja lõunal tuleb, Hommikul lähevad lasteaeda 2 pisikest ja õhtul tulevad. Ma küll ei sooviks et nemad peaksid kukkuma, või ükskõik kes- Võib ju juhtuda, et see kukkumine võib jääda viimaseks kukkumiseks.   Ettetänades",,http://www.anna-teada.ee/photos/c9d2bb00-a79f-11e6-ab80-a2533b7948e7.jpg,
58.368308726874,24.6300430130213,2016-11-10 21:26:43,"Paikuse vald",ei ole vaadatud,"Jõekalda tee 1 maja ees elektriposti pirn vilgub. Palun vahetage pirn välja.",,,
59.0000194539392,24.7882676124573,2016-11-10 12:12:14,"Rapla vald",ei ole vaadatud,"Lumi on olnud maas nüüd üle nädala. Nurmenuku tänavas on selle aja jooksul lumesahk käinud 1x, esmaspäeva õhtul  k 10.10. Kas see sagedus on lumekoristusfirmaga nii kokku lepitud??",,,
58.3708696029029,26.7148031294346,2016-11-10 11:51:51,"Tartu linn",vaadatud,"Äärekivi on kõrge ja raskendab ristmiku ületust jalgrattal, käruga jms.",,http://www.anna-teada.ee/photos/4dd58948-a72b-11e6-8a3c-a2533b7948e7.jpg,
59.4337098487275,24.7238112800053,2016-11-10 08:46:00,"Tallinna linn",ei ole vaadatud,"purikas",,http://www.anna-teada.ee/photos/67A64EBA-D3A0-4AB1-85C1-4E118CBFD7E6.jpg,
59.3781628912062,25.1710510253906,2016-11-09 23:35:54,"Maanteeamet",vaadatud,"Sõitsin 9.11.16 otsa hirvele natuke enne Raasikut (kaardil umbes https://goo.gl/maps/mUez9M8muCL2 kurvide vahel, peale metsatukka). Peatusin, aga looma ei leidnud (pimedas). Tõenäoliselt suutis ta end vigasena minema vedada või lõppes tee äärde lumme. Kõvasti vigastada sai ta kindlasti - kaubik, kiirus suur, numbrilaualt leidsin karvu ja verepritsmeid. Seega oleks mõistlik kas looma korjus leida või anda jahimeestele teada, et lähedastes metsades on vigane hirv, kel talve üleelamisega võib raskeks minna.",,,
59.3953293899103,24.2969942092896,2016-11-09 13:56:48,"Keila vald",ei ole vaadatud,"Tere. Keila-Joal käib palju turiste, kuid kose juurde viiv tee on nagu kuumaastik. Kas oleks võimalik midagi ette võtta",,,
59.4302743999841,24.7187220398567,2016-11-09 12:40:05,"Tallinna linn",ei ole vaadatud,"Rippuvad mõõgad tavakodanike peade kohal Tulika tänav 9/11",,http://www.anna-teada.ee/photos/F6FF646D-3BB8-4046-96C1-BD5F3F8CD9FF.jpg,
59.3085069754588,24.4124333001673,2016-11-09 11:56:48,"Keila linn",vaadatud,"Tere. Eile õhtu sõitis lumesahk Metsa tänavalt läbi, aga suurem osa Niine tänavast jäi puhastamata. MIKS!?",,,
59.3224149712741,26.3747818395495,2016-11-09 10:36:08,"Vinni vald",ei ole vaadatud,"Tere, Piira bussijaama on tänavavalgustuslamp väga kehva ja ei valgusta pimedalt ajal. Kas saate kontrollida tänavalgustuslampi?",lamp,,
59.4717299543652,24.9634748697281,2016-11-09 08:49:08,"Maardu linn",vaadatud,"Здравствуйте! Снегоуборочная машина доезжает только до Murumetsa 17.  Отрезок дороги да Murumetsa 17a, не убирается. Прошу сообщить фирме-подрядчику. Спасибо.",,,
59.5037218041489,26.5102431178093,2016-11-09 08:40:47,"Kunda linn",ei ole vaadatud,"Tänava valgustus ei põle Mäe ja Loode ristis üks lamp kahel pool teed (kokku 2) ning Loode tänaval Mäe ja Pargi vahel samuti 2 lampi. Veel ei põle Mäe ja Eha ristis 1 lamp (Mäe 13 pool) siis Päevakeskuse ees ka ei põle.",lamp,,
58.3303591191541,26.7069053649902,2016-11-09 06:25:40,"Ülenurme vald",ei ole vaadatud,"Tere! Probleem tee lumest puhastamisega. Nimelt on Pähkli tänavast kuni Rehepapi teeni ja sealt mööda Tammet kuni Tõrvandini jalgrattatee puhastamata juba kolm päeva. Ma käin mööda seda teed iga päev mitu korda jalgrattaga ja seal on hetkel lume tõttu lihtsalt võimatu jalgrattaga sõita.  Ette tänades,",,,
59.5310466295674,24.7992281165873,2016-11-08 21:26:37,"Viimsi vald",vaadatud,"Lumi jäetakse 10 m enne tee lõppu lükkamata. Varem käis siin traktor, kes sõitis väravateni, pani saha maha ja tõmbas lume tagurpidi sõites ära.",,http://www.anna-teada.ee/photos/4FFD79DB-C6DB-466B-A478-E6BE2B25B9BE.jpg,"Tere  Täname info eest! Edatsame selle valla teede hooldajale."
58.6740818628893,26.5924072265625,2016-11-08 20:11:37,"Maanteeamet",vaadatud,"Kaarepere raudteejaama parkla ääres kasvavad kaks puud millel on palju kuivanud ja murdunud oksi. Tormisema  ilmaga lennutab tuul oksi alla mis omakorda rikub autosid. Kuna kuivanud oksi on neil puudel palju siis on hirm, et ühel päeval murduvad ka puud ise. ",puu,http://www.anna-teada.ee/photos/c9c63e7e-a5de-11e6-b8b1-a2533b7948e7.jpg,
58.7482346704009,26.4087295532227,2016-11-08 19:41:55,"Jõgeva linn",ei ole vaadatud,"Tere, palun pange põlema olemasolevad tänavavalgustuse laternad Kalda tänava ja Jõe tänava ristmikul Juba mitu kuud on seal pimedus, aga seoses Mustvee mnt kõnnitee remondiga kasutatakse seda marsruuti nüüd sagedasti, s.h koolilapsed.Ristmik on pimedas ohtlik.  Lugupidamisega Maie ja Kuno Männik Kalda 2 a",lamp,,
59.3436957678561,27.0160205662251,2016-11-08 19:39:33,"Kiviõli linn",ei ole vaadatud,"Jõe 5 maja vastas olev tanavavalgustus lamp vilgub",lamp,,
59.1521536280557,24.7664196789265,2016-11-08 18:35:40,"Kohila vald",ei ole vaadatud,"Ristiku tänava valgustus vilgub juba mitmendat päeva. ( SELLE KAARDI PEAL EI OLEGI RISTIKU TÄNAVAT!!!???)",lamp,,
58.3922325680208,24.4708013534546,2016-11-08 18:24:57,"Pärnu linn",ei ole vaadatud," Tere, Jalakäijate silla Põllu tn poolne mahatulek on liiga järsk ja nüüd kui seal jää on, sealne mahatulek väga ohtlik. Palun tehke lume sulades see laugeks. Kuna peaaegu igapäevaselt sõidab üle selle silla mees kes tuleb alati Põllu tn pool ratta seljast maha kuna ükskord ta juba kukkus samas kohas, tol mehel on raske liikuda.",libe,http://www.anna-teada.ee/photos/e365ea46-a5cf-11e6-b848-a2533b7948e7.jpg,
58.3971692143298,24.4626474380493,2016-11-08 18:23:47,"Maanteeamet",vaadatud,"Tere, Jalakäijate silla Põllu tn poolne mahatulek on liiga järsk ja nüüd kui seal jää on, sealne mahatulek väga ohtlik. Palun tehke lume sulades see laugeks. Kuna peaaegu igapäevaselt sõidab üle selle silla mees kes tuleb alati Põllu tn pool ratta seljast maha kuna ükskord ta juba kukkus samas kohas, tol mehel on raske liikuda.",libe,http://www.anna-teada.ee/photos/b95e905e-a5cf-11e6-9b16-a2533b7948e7.jpg,
59.5046541953531,26.5142181515694,2016-11-08 18:07:05,"Kunda linn",ei ole vaadatud,"Tere, Koidu tänaval toimub kaevandus ehk remonditööd. Täna 8.11.2016, kell 17 sõitsin tehase suunas. Ees oli märk 'remondi tööd', aga natuke maad edasi oli tee lahti kaevatud... lumehangute pärast oli raske tagasi keerata ja nii sõitis mitu autot. Oli puudu veel üks hoiatus märk ' läbisõitu ei ole'. Kui kvaliteetsed on need töölised, et nii LOHAKALT on kõik märgistatud??? Kus on nüüd Teie kontrollija? Lugupidamisega Aleksandr",,http://www.anna-teada.ee/photos/09c9d1ce-5054-461a-8404-406ed63df24d.jpg,
58.0472485497777,27.403678894043,2016-11-08 18:02:52,"Veriora vald",vaadatud,"Pōllu tänava valgustuspostid maja 21 juurest kustub ja süttib, kuuse ja männi kõrval olevast postist järgmine ja ka ülejärgmine (linna poole).",,,
59.3308965030763,25.3349769115448,2016-11-08 17:28:47,"Anija vald",ei ole vaadatud,"Lasteaed Lastetare ohtlikult rippuvad jääpurikad",,http://www.anna-teada.ee/photos/0a579cd8-a5c8-11e6-a410-a2533b7948e7.jpg,
59.500758017701,26.5395977489243,2016-11-08 10:35:35,"Kunda linn",ei ole vaadatud,"Klubi tänaval ei põle juba mitu aastat ükski tänava valgustus.Milles on probleem. nr.5-40;5-41;5-42",lamp,,
59.1519947771355,26.1117553710938,2016-11-08 10:15:38,"Tamsalu vald",vaadatud,"Tere!Kui kaua peab Tamsalu vallas Uudekülas lumevangis olema,sahk käib nädalas korra ja nii juba 7-8 aastat.Kiirabi mis sai kutsutud lapsele ei saanud ligi,tänud kiirabi töötajatele kes sumpasid kohale.Ka Uudekülas käivad inimesed tööl,nimelt Nurmenuku talust.Probleem iga aastane,samuti peab käima lasteaias ja poes .Kaua võib?",,,
58.6312166434248,26.2353515625,2016-11-08 10:10:23,"Puurmani vald",ei ole vaadatud,"Tere!Oleme aastaid Uudekülas hädas lumekoristusega,sahk käib nädalas korra.Aastaid on sellest ka räägitud kuid tulemus ikka sama.Ka Uudekülas käivad inimesed tööl ja sumbata läbi lume pole just meeldiv,kuna vallid ja lume sügavus kohati teinekord üle poole meetri.Samuti oli vaja kutsuda kiirabi lapsele ja suured tänud kiirabile kes osaliselt sumpas meieni.Samuti on vajadus poes käia ja apteeki.Kaua võib?",,,
59.4336241535043,24.723891618801,2016-11-08 08:57:13,"Tallinna linn",ei ole vaadatud,"tehnika 37a jääpurikas ohtlik",,,
58.3924481878601,26.7324542440723,2016-11-08 08:32:56,"Tartu linn",ei ole vaadatud,"Jänese 2  tartu kônnitee podevalt puhastamatta ja liivatamatta",,http://www.anna-teada.ee/photos/60FFAB7C-3E8E-4AB6-9ACA-61E79EFDC1C6.jpg,
59.4988634249847,24.8300272598863,2016-11-08 07:40:05,"Maanteeamet",ei ole vaadatud,"Pikali sõidetud liiklusmärk ",,,
59.5297241524581,24.858661852777,2016-11-08 07:38:11,"Maanteeamet",vaadatud,"Pikali sõidetud ülekäigu märk.",,,
59.3280105195331,24.5610478518211,2016-11-07 23:13:30,"Saue linn",vaadatud,"Tere! Täna panin tähele, et Sauel Kuuseheki tn olevalt mäelt kelguga alla lastes satuvad lapsed aegajalt sõiduteele (vt pilti manuses). Parema liu korral sõitis mõni laps ka üle tee. Kuigi paljud autod võtsid lapsi nähes hoo maha, on tegemist ikkagi lastele v'ga ohtliku olukorraga. Lahenduseks võiks sõidutee äärde kuhjata lumehunniku, mis takistaks lapsi sattumast sõiduteele. Kas tänavatelt lume lükkamisel oleks sahal võimalik lund lükata mäe jalamile, nii et sinna tekiks väike kuhi, mis võtaks kelkudelt hoo maha? Tervitades, Pearu",,http://www.anna-teada.ee/photos/bc3a62ea-a361-4620-a88b-8f34c4cd13e3.jpg,
59.3503458699808,24.6301460266113,2016-11-07 21:58:04,"Saue vald",vaadatud,"Tere! Nõlvaku tänava tänavavalgustus on väga omapärasel reziimil. Kohati põleb lausa 10 minutit, aga vahel on jõudu vaid paariks minutiks. Kustuvad ja süttivad ühtevalu. Arvan, et nii ei peaks olema..Ette tänades.",lamp,,"info käes"
58.373465235796,24.5780364051461,2016-11-07 21:10:55,"Sauga vald",ei ole vaadatud,"Paikuse Jõekalda tee 1 maja ees tänav valgustus vilgub. Vahetage pirn ära ja soovime kvaliteetset pirni.",lamp,,
58.6558397078928,25.9762179851532,2016-11-07 20:44:37,"Põltsamaa linn",ei ole vaadatud,"Palun tuletada teehooldajatele meelde, et majade juures olevaid sissesõite mitte kinni lükata. Teatan, et Pajusi maanteel lükkas sahk tänase päeva jooksul sissesõitudele kahel korral valli ette.",,,
59.3625951670698,24.9238935112953,2016-11-07 20:33:56,"Maanteeamet",vaadatud,"Andrekse tee väljasõit ei ole tähistatud. Kraav on kohe tee ääres. Lumega ei ole aru saada kus on tee äär. Täna oli rekka väljasõidul  risti üle tee tagumiste ratastega kraavis.",,,
58.3670044032556,25.6032450869679,2016-11-07 20:02:27,"Viljandi linn",vaadatud,"Tere. Viljandis Lossi tänava nr 18 ja 22 katuselt ripuvad suured jääkamakad, mis võivad jalakäijaid ilmselgelt ohustada!!!",,,
58.8323414055614,23.5881400108337,2016-11-07 17:53:53,"Ridala vald",ei ole vaadatud,"Nurga 5-16 asuvas sotsiaalkorteris on osad elektriradikad rikkis,toad külmad ja ülemise korteri küttekulu tunduvalt suurem.",,,
59.4900806814084,26.150563750416,2016-11-07 10:34:48,"Vihula vald",ei ole vaadatud,"Tere,  Omandan suvila Metsiku kullas, JANKUAUGU ,enne minu suvila 200 metrit iga talvel tee tais lumi, aga peale minu suvila hakkab minna era tee ja seal on viimane suvila Metsiku kullas,RENNE.",,,
59.3387924834945,26.3671875,2016-11-07 09:53:27,"Rakvere linn",ei ole vaadatud,"Tere.   Kas rakvere linnas koristusmasinaid ka on. Kui jaa siis tahaks teada kus nad kõik on??? Millal tänavad lumest puhtaks tehakse, või jätkub sama plaan nagu teistel aastatel???? Lumi sulab ise ära???",,,
59.2054816835636,24.6572685241699,2016-11-07 09:07:30,"Kohila vald",vaadatud,"Tere!  Peale lumesadu pole Aespa alevikus veel lumekoristust olnud. Teeolud on väga kehvad, madala autoga praktiliselt pole võimalik kraavihalli teel liikuda. Lumi tuli maha juba nädal aega tagasi. Aespa ringtee on juba puhas jää, liiva või muu sinna polnud ka puistatud.  Osaliselt suutsime naabritega teed lükata, kuid siiski terve aleviku lükata puhtaks ei saa. Pilt on tehtud reedel 04.11.2016 Tänan!",libe,http://www.anna-teada.ee/photos/7a7161dd-7136-456a-8fb0-016b45868049.jpg,"Edastasime info talihooldefirmale!"
58.7430377562893,26.3827979564667,2016-11-07 08:38:51,"Jõgeva linn",ei ole vaadatud,"Tere!Sai küll kord juba räägitud Piiri pargi valgustusprobleemist,aga korda tehti miskipärast ainult küljealle valgustus(kus jäeti ka miskipärast üks pirn sisse keeramatta).Keskalleel aga nii kudas oli 4 valgustusposti (peaaegu järjest) pimedad nii ka pimedaks jäid.Ja seda praegusel pimedal ja ülilibedal ajal!Kas saaks äkki keegi linnavalitsusest selle asja enda kontrolli alla võtta?",,,
59.2384983750839,25.3258895874023,2016-11-07 05:26:47,"Anija vald",ei ole vaadatud,"Alavere Pargi 16 tänavavalgustus põleb alguses mõned tunnid ja siis kustub. Sama olukord on ka Pargi 18. 04.11. käisid elektrimehed , toimetasid Pargi 12 valgustuse kallal ja lahkusid. Äkki saaks tänavavalgustuse  lõplikult korda teha.",lamp,,
59.3463201360431,25.3466606140137,2016-11-06 23:04:01,"Anija vald",vaadatud,"Lume lukkamine on vajalik, kuid traktor lükkas ära teelt osa teekattest, sest teral pole kummiriba all ääres (kallis), tee külmumata või midaiganes (sahk valesti reguleeritud). Suvel tellitud 2 koormat freesasfalti koos silumisega maksis mitte vähe. Tee remondi pidin ettevõtma kuna ka eelmisel aastal lükati mu teekate koos teeäärsete mätastega mulle värava taha, nüüd jälle. Kas hakkan tee remondiarveid valda saatma? Lepiku, Ülejõe küla, Anija vald",,,
58.1006701060916,27.4735107086599,2016-11-06 21:32:44,"Räpina vald",ei ole vaadatud,"Räpinas Oja tn teeots on väga libe.Teeots on kallakuga  ja auto lihtsalt libiseb teele.Niigi on nähtavus tihti väljasõites piiratud( org ja tee ääres parkivad autod).Palun tegeleda selle probleemiga!!!",libe,,
59.009406433268,24.7933799028397,2016-11-06 20:37:03,"Rapla vald",ei ole vaadatud,"Tere, olen Siiri Nurmsalu ja elan Rapla vallas Sikeldi külas Nurme talus. Kirjutan Teile kuna talv hakkab saabuma ja kaasa tuua muresid. Olen Rapla  Vesiroosigümnaasiumis kokk ja pean hommiku kella viieks tööl olema, kuid kui teed on tuisanud ei saa ma tööle. Eriti probleemne on tee meie talust Sikeldi bussipeatuseni. Kas oleks võimalik teedelükkajal sellega arvestada?Muidu jääb kool söömata.",,,
59.3606562173897,26.3345845788717,2016-11-06 19:51:16,"Maanteeamet",vaadatud,"Ülekäiguraja valgustus ei põle",lamp,http://www.anna-teada.ee/photos/1020b558-de20-4160-8531-c1371f8e764c.jpg,
58.7283022650672,23.829345703125,2016-11-06 19:46:25,"Lihula vald",vaadatud,"Lihula linna kõnniteedel tegemata libedusetõrje on kõndimise muutnud seal väga ohtlikuks, peaaegu võimatuks. Seetõttu tulerb kõndida sõiduteel.",,http://www.anna-teada.ee/photos/05fc4def-7865-42a1-8a6c-a84223dc6762.jpg,
58.7852407636061,23.4625911712646,2016-11-06 16:28:44,"Ridala vald",ei ole vaadatud,"Tere  Puise küla kaevandu tee ei ole sõidetav võiks järgmine aasta ette võtta teeremondi.",,,
59.3268848828696,24.7834396362305,2016-11-06 15:07:41,"Kiili vald",ei ole vaadatud,"Tühjad 25-30 liitrised kanistrid vedelemas kraavis jalgraja ääres.",,http://www.anna-teada.ee/photos/ff85afa4-a421-11e6-9eac-a2533b7948e7.jpg,
59.341711288105,26.375832259655,2016-11-06 14:44:55,"Rakvere linn",ei ole vaadatud,"Karja tänava lõigus Rägavere tee ringristmikust kuni Side tänava ristmikuni ei põle tänavavalgustus.",lamp,http://www.anna-teada.ee/photos/ae6417e4-99ff-4100-a8d4-5f2df155af98.jpg,
58.2782874228388,24.2544436454773,2016-11-06 13:59:12,"Audru vald",ei ole vaadatud,"Tere esindan liu 4korteriühistut  Rüssatee 4 ja nõuame majaühistu nimel vastust.Miks kaevati meie majatagune ülesse.Lõhuti ära asfalti ääred.Lisaks terve tee on ära lõhutud mereäärte ja meie majataha on jäätud suur hunnik pinnast mis on ees lumelükkamisel kui ka majast väljasõidul.Keegi pole meie korteriühistut kirjalikult teavitanud ega luba küsinud et meie maad teed ja haljasala võiks rikkuda.",,http://www.anna-teada.ee/photos/f6d3566e-2c3a-4e4e-b951-c68175d02af3.jpg,
59.1702462876252,26.5958826988935,2016-11-05 19:52:03,"Vinni vald",ei ole vaadatud," Roelas järve tänaval ei põle valgusti ,kohe  peale silda pingi kõrval suunaga kooli poole.",lamp,,
58.2220878062863,26.407356262207,2016-11-05 12:55:01,"Elva linn",vaadatud,"Tuletõrje 13 juures tänavavalgusti pidevalt süttib ja kustub.",,,
59.3147442476418,24.541213631237,2016-11-04 18:32:51,"Saue linn",ei ole vaadatud,"Tänavavalgustus Nurgakivi 11 maja ees ei tööta. Täpsemalt töötab nii ,et minuti põleb, järgmise minuti on kustunud. Ning nii vahetpidamata vilgub. Kas on võimalik midagi ette võtta?  Ette Tänades",lamp,,
59.3723914223372,26.3603210449219,2016-11-04 12:20:24,"Sõmeru vald",ei ole vaadatud,"Tere.  Ei tea kas Rskvere linnal pole teede puhastus autosi. Kas teete nalja seal ve. Juba 4 päeva tuleb lund ja ei näinud ühtegi koristus autod. Millega te seal kõik tegelete. Mis euroliidust üldse jutt on kui te ei suuda teid korras hoida. Vähe sellest, et teed on auklikud, siis veel lund ka koristatud ei saa. Kas peab presidendile kirjutama, et liugutama keegi hakkaks.?",,,
59.4382894494999,24.5028162002563,2016-11-03 19:14:39,"Maanteeamet",ei ole vaadatud,"Sõidan igapäevaselt harku valla bussiliinidega ning julgen väita, et bussijuhid ei oska enda tööd teha. Esiteks peaaegu igapäev hilineb buss vähemalt viis minutit ja vahel on ka juhtunud et pean 25 min ootama sest bussijuht tundis, et magama jääda töö ajal on mõistlik idee. Sõidan ka teiste linnaväliste liinidega ja saan öelda, et teistel valdadel juhtub seda ikka päris harva mitte regulaarselt nagu meil. Teiseks on ka mitmeid bussijuhte, kes ei kohtle sõitjaid viisakalt nagu kliente peaks kothlema. Selle asemel, et karjuda klientide peale 'ostke auto või võtke takso' pärast poole tunnist hilinemist oleks mõistlikum vabandada teiste ees.  Kui arvate, et hilinemine on põhjustatud ummikute või liiklus ümberkorralduste pärast, kas poleks siis mõttekam vahetada sõiduplaani aegu õigeks? Mul on väga kahju, et harku vallal selle pärast halvem maine on. Ma küll ei tea, kuidas neid bussijuhte valitakse aga no isegi see, et kord oli juhtum, kus hommikul peeti kinni lausa kaks bussijuhti joobes oleku pärast, peaks tõestama, et te ei oska tööle õigeid inimesi valida. Loodan väga, et see probleem saaks lahendatud.",,,
59.465809018206,24.9266390874982,2016-11-03 14:24:53,"Viimsi vald",ei ole vaadatud,"Laiaküla teel Viimsis veetoru katki.",,http://www.anna-teada.ee/photos/1ba9c734-1bc7-40ee-9a46-ea963c695555.jpg,
59.4655196129492,24.9269073083997,2016-11-03 14:16:53,"Viimsi vald",ei ole vaadatud,"Laiaküla teel Viimsis veetoru katki ja lekib.     ",,http://www.anna-teada.ee/photos/4cb7db87-3633-4a1f-9817-f5b08a0f0c07.jpg,
58.4150348810384,24.675469994545,2016-11-03 10:03:32,"Sindi linn",ei ole vaadatud,"Sindis, Pärnu mnt 101 maja juures ei põle juba paar nädalat tänavavalgustuse posti otsas valgusti.",lamp,,
58.3857261595131,24.4958639144897,2016-11-03 09:44:05,"Pärnu linn",ei ole vaadatud,"Teatri ja raamatukogu vahelise ülekäiguraja teatripoolsesse otsa on kuhjatud inimese kõrgune lumehunnik. Ma saan aru küll, et on vaja parkida aga mõned käivad ka jala. Palun pange see lumi kuhugi mujale (ruumi on ümberringi küll).",,http://www.anna-teada.ee/photos/4ba90b78-a199-11e6-8eb2-a2533b7948e7.jpg,
59.4443769599844,24.466552734375,2016-11-03 09:03:26,"Harku vald",vaadatud,"Tere.  Klooga mnt väga lumine. Kas Strantum ei suuda oma tööd teha?",,,"Klooga maantee on riigi maantee mille hoolduse peab tagama Maanteeamet."
58.9232364857819,24.3050622940063,2016-11-03 07:51:29,"Märjamaa vald",ei ole vaadatud,"Tere. Sipas on peale kella keeramist  tänavavalgustus juba kella 22.00 kustunud. Soovin et valgustus põleks vähemalt kella 23.00 ni.",lamp,,
58.3128140349343,26.695339679718,2016-11-03 06:20:01,"Ülenurme vald",vaadatud,"Rukki tänaval ei tööta tänavavalgustus!",,,
59.4506789278239,24.5767677202821,2016-11-03 01:14:40,"Tallinna linn",vaadatud,"Linna maal asuv Merinõela tee on omavoliliselt piirneva krundi omaniku poolt autodele suletud! ",,http://www.anna-teada.ee/photos/5c93ccd6-a413-4346-99f4-f99e6596940c.jpg,"See on eratee."
59.314425591988,24.183783531189,2016-11-03 00:56:52,"Maanteeamet",vaadatud,"Kurvi lõpus lohk(~1m2) kuhu vihmasel ajal vesi koguneb. Kohalikud teavad seda lohku vältida, mõnele võõrale võib see aga saatuslikuks saada. Paluks järgmisel aastal lohu koht teega samasse tasapinda tõsta. NB! tee on põlevikivituha betoonalusel.",,http://www.anna-teada.ee/photos/a4cd8200-a14f-11e6-9413-a2533b7948e7.jpg,
59.3138123631145,24.4397521018982,2016-11-03 00:42:23,"Maanteeamet",vaadatud,"Kergliiklustee märgi post väga viltu. Kas otsa sõidetud või maast välja tiritud. ",,http://www.anna-teada.ee/photos/9f1ae2fa-a14d-11e6-b414-a2533b7948e7.jpg,
59.3204217852051,24.4008573889732,2016-11-03 00:34:55,"Maanteeamet",vaadatud,"Vihma ajal/järgselt on terve sõidurea(kiirendusrea) laiuses veelomp. Projekteerimis/ehitusviga mida pole siiani suudetud likvideerida",,http://www.anna-teada.ee/photos/941b6e8e-a14c-11e6-84c3-a2533b7948e7.jpg,
59.3397499447035,24.2029345035553,2016-11-03 00:31:17,"Maanteeamet",vaadatud,"Üks liiklusmärkidest 681 kitsas (kurvi suund) sõideti eelmine talv maha ning seda pole siiani taastatud. Selle puudumine võib selle kurvi võtjatel tekitada valearusaama kurvi kujust, mis võib libedaga ohtlikuks osutuda.",,http://www.anna-teada.ee/photos/1206b296-a14c-11e6-8b8e-a2533b7948e7.jpg,
59.2931189896916,24.6577700972557,2016-11-02 21:26:56,"Maanteeamet",vaadatud,"Liiklusmärk maha sõidetud ja kraavis.",,http://www.anna-teada.ee/photos/514b422e-a132-11e6-a0dc-a2533b7948e7.jpg,
58.2512146840911,22.4665293842554,2016-11-02 17:34:54,"Kuressaare linn",vaadatud,"Mõlemad silla äārsed valgustid rikkega. lmselt pingestatud mind controli käigus nagu ka veetorni 8. Korruse trepikoja valgustus, mis öösiti intervallidega süttib.",lamp,,"Valgustid töötavad seal liikumisanduriga.Palun infot, et millal täpsemalt avastati et valgustid ei tööta. Minu teada on nad töökorras. Kontrollime veelkord üle."
58.4042749719587,24.6667098999023,2016-11-02 16:29:20,"Sindi linn",ei ole vaadatud,"Tere, tundub, et talv on jälle ootamatult saabunud. Kahjuks ei ole võimalik koduhoovist välja sada. Kas oleks ka lumelükkamist oodata?  Suve 47",,,
58.312571700829,26.7311525344849,2016-11-02 16:21:25,"Ülenurme vald",vaadatud,"TERE.Igal pool mujal lükati tänavad lumest puhtaks aga üks Paruni tn,haru jäi lumest puhtaks lükkamatta :) Tänud.",,,
59.0774475334871,24.8262691497803,2016-11-02 14:28:39,"Rapla vald",ei ole vaadatud,"Tere ! Elan  Kuku külas JÕE kinnistul ja olen viimase aasta jooksul korduvalt ja eriti viimaste nädalate jooksul kimpus veise karjaga, keda karjatatakse üle UUGIVÄLJA tee asuvatel karjamaadel. Kuna karjamaad on tühjaks söödud ja loomadel puudub ka varjualune, kipuvad nad üle tee minu põllumaale, metsa ja ka koduhoovi. Olen karjapidajat pidevalt informeerinud loomade rünnetest ( helistan REIMO-le tihemini kui oma abikaasale). Täna tulin hommikul kodus veel korra läbi umbes 09.50 ja see seltskond, umbes 50 lehma, oli teel üle minu õue. Jõudsin veel kiiresti auto värava avada muidu ei teagi mis edasi oleks juhtunud. !!!  Lugupidamisega  Lembit Kongas",,http://www.anna-teada.ee/photos/3d4441db-4fe0-4ed1-8472-491f330361f8.jpg,
59.3250713232317,24.5612642168999,2016-11-02 13:57:52,"Saue linn",ei ole vaadatud,"Ei tea kuidas siit normaalselt ülekäigurajale saada? Peab ise labidaga laiali loopima? Rimi ees suunaga linnavalitsuse poole",,http://www.anna-teada.ee/photos/a032d5ec-9e76-4396-abb9-fa2c162e864b.jpg,
59.4014860410797,24.6990187838904,2016-11-02 12:07:54,"Tallinna linn",ei ole vaadatud,"Mustamäel,Lepistiku peatuse ja Põhja Regionaalhaigla vahelised jalgteed on hooldamata ja libedad.",,http://www.anna-teada.ee/photos/E2613AA5-DF9D-4B22-BB4E-32C8407F14C7.jpg,
59.3454907903921,26.3684549021121,2016-11-02 08:47:47,"Rakvere linn",ei ole vaadatud,"Kas talv tuli ootamatult? Terve linn libe, on ikka millegi pärast häbi tunda küll!",libe,,
59.3188629588262,24.5648449659348,2016-11-02 08:34:58,"Saue linn",ei ole vaadatud,"Haljastus rikutud lumelukkamise käigus.",,,
58.2285780553817,26.4230389602017,2016-11-01 22:14:57,"Elva linn",vaadatud,"Tööstuse - Kirsi tn ristmikul ei põle tänavavalgusti pikemat aega.  Anne Noop Tööstuse 14, Elva tel: 5394 7001",lamp,,
59.3962005955729,24.7995114326477,2016-11-01 19:55:59,"Rae vald",vaadatud,"Tänavavalgustuse lamp ei põle Salu tee 34, Peetri asula maja ees.",lamp,,
59.4243975336664,24.918799996376,2016-11-01 19:23:04,"Rae vald",vaadatud,"01.11.2016 laadis tundmatu naisterahvas sõiduautost Audi A6 (sinine/universaal kerega) numbrimärgiga 118 AXA maha kütuse vaadid/tsisternid",,,
59.4372760132509,24.7960408218436,2016-11-01 11:40:23,"Tallinna linn",vaadatud,"maa sees raudkang, rehvidele ohtlik, lisaks inimedtele, Kadriorg",,http://www.anna-teada.ee/photos/EAED01A8-1F1B-43C4-9AEE-FA51A4C99C00.jpg,
59.3079556070247,24.4201526643155,2016-11-01 11:06:07,"Keila linn",ei ole vaadatud,"Tere. Haapsalu mnt 9 maja ees ei põle tänavavalgustuslamp.",lamp,,
59.3519032524448,24.7756505012512,2016-11-01 11:02:21,"Kiili vald",ei ole vaadatud,"Karukella KÜ prügikast mis asub autoteel ajab üle ja prügi on auto teel laiali. See probleem ei ole esimest, tõenäoliselt ka mitte viimast korda. Palun teha neile ettekirjutus et nad viiks oma prügikasti teise kohta ja ehitaksid endale korraliku prügihoidla. Pildid on tehtud 19.10.2016 ja 01.11.2016.",prügi,http://www.anna-teada.ee/photos/5c378db2-a86c-4add-ad8f-0e64d4b83a5e.jpg,
59.4749506659867,25.0236368179321,2016-11-01 11:00:50,"Maardu linn",vaadatud,"1. Не освещены детски площадки. Этой зимой столкнулся с проблемой не достаточного освещения (или частичным освещением) детских площадок.  Особенно заметно поздней осенью, пока снег не выпал, но темнеет достаточно рано. Для удобства на прикреплённом файле отмечены места разными цветами. Это только в одной части города, по разговором со знакомыми эта тенденция наблюдается по всему городу. - Жёлтый цвет: площадка освещена на 1/3 (фонарь и вовсе направлен в противоположную от площадки сторону) - Белый цвет: новая площадка для детей с ограниченными возможностями - освещения не имеет вовсе - Красный цвет: 1) площадка около Vaba Aja Keskus - освещения не имеет. 2) Небольшая площадка по улице Ринги - освещение косвенное (это, наверное, площадка от квартирного товарищества и по этому к городу не относится) В моём понимание освещение: хотя бы 1 фонарь направленный именно на площадку.  2. На файле пешеходная дорожка отмечена фиолетовым. там растут очень красивые каштаны, но из-за малой освещённости в тёмное время суток, люди с ростом выше 1.80см, рискуют угодить глазом в ветку.  С ув. Андрей",,http://www.anna-teada.ee/photos/9796c5c0-667a-4781-b3b0-0227dcede844.jpg,
59.3741,28.1826,2016-11-01 10:27:47,"Narva linn",ei ole vaadatud,"Ei toota roheline valgusfoor",,http://www.anna-teada.ee/photos/794ebd30-2760-4c29-9bf4-763600bf8181.jpg,
59.4248472853186,24.7971257753901,2016-11-01 08:07:05,"Tallinna linn",ei ole vaadatud,"Lõhutud paviljon",,http://www.anna-teada.ee/photos/67B6CE9F-B56D-4723-A956-B98FEADF54AA.jpg,
58.0894927730978,27.509765625,2016-11-01 07:45:28,"Räpina vald",ei ole vaadatud,"Räpinas Pärna tn.19 ees tänavavalgusti vilgub juba rohkem kui pool aastat",,http://www.anna-teada.ee/photos/64eb1620-9ff6-11e6-8d59-a2533b7948e7.jpg,
59.4529554350692,24.708793759346,2016-11-01 01:10:31,"Tallinna linn",vaadatud,"pool parki pime",lamp,http://www.anna-teada.ee/photos/37faca84-9fbf-11e6-a86f-a2533b7948e7.jpg,
59.2826052270424,24.7415113449097,2016-10-31 21:45:36,"Saku vald",vaadatud,"Lokuti külas, Tallinn-Rapla maantee poolses tänava otsas ei põle kaks tänavavalgustuslampi.",lamp,,"Teadmiseks võetud"
59.3617094286868,24.9370121955872,2016-10-31 20:34:03,"Maanteeamet",vaadatud,"Pärna tee on valgustatud poolikult.Tulles Aruküla tee poolt (Rae peatus) on tänavavalgustus kuni Köstrimäe teeni. Edasi on ohtlik pimedus. Pärna tee on üsna kitsas. Kitsa tee peal liiklevad autod, jalgratturid ning jalakäijad. Teineteisele vastutulevad autod märkavad teineteist ning saavad möödumiseks tagurdada sobivasse kohta. Jalakäijat on pimedas raskem märgata ning tihtilugu peab jalakäija enda säästmiseks astuma pimeda tee ebatasasesse serva või lükkama lapsekäru tee servas olevate kivide otsa, et kurvilisel teel liikuv auto turvaliselt mööda saaks. Pimedal ajal saab jalakäija end aidata taskulambi või helkuriga kuid kindlasti oleks vähem õnnetuste ohtu kui oleks pimedal lõigul 3-4 valgustit juures.",lamp,,
59.348809679451,26.3667105361492,2016-10-31 17:28:48,"Rakvere linn",ei ole vaadatud,"Jalgratturid kihutavad ülevalt Võidu tänava mäe pealt Mulla tänava otsas olevale ülekäigurajale auto ette. Võiks olla kergliiklustee lõpu märk, et selgelt aru saada et mulla tänava otsas on tavaline ülekäigurada, mitte kergliiklustee. Sest autojuhtidele kes Mulla tänava poolt tuleved on ainult ülekäiguraja märk koos jalgratta hoiatusega (ei ole kohustust teed anda jalgrattale). Hämaras autojuht ei suuda jälgida kiiresti kihutavat jalgratturit, eriti veel seetõttu, et tegemist on ühesuunalise tänavaga ja teed tuleb anda ühelt poolt tulevatele autodele.",,http://www.anna-teada.ee/photos/9d1bfaf7-046e-46cb-8689-cc7259b1b087.jpg,
59.3635136861599,28.1853175163269,2016-10-31 08:35:33,"Narva linn",vaadatud,"staadioni valgustus ei tööta (üks kahest lambist aegajalt korraks vilgub, aga püsivalt ei põle)",lamp,http://www.anna-teada.ee/photos/39578024-9f34-11e6-9ba9-a2533b7948e7.jpg,"Kaebus lahendamiseks on edastanud stadiooni omanikule (Narva Paemurru Spordikool)"
59.241955281083,25.327622294426,2016-10-31 08:06:52,"Anija vald",ei ole vaadatud,"Tere Alavere Pargi 16 tänavavalgustus töötab mõned tunnid ja siis kustub. Sama probleem on ka Pargi 18. Äkki saab leida mingi lahenduse antud probleemile",lamp,,
58.3213341227563,26.7244362831116,2016-10-31 06:52:04,"Ülenurme vald",vaadatud,"Ulenurme Silmapiiri-Päevalille tn tänavavalgustus ei tööta juba päris mitu päeva.",lamp,,
59.3599859998712,25.0660425424576,2016-10-31 00:12:15,"Raasiku vald",vaadatud,"Arukülas, Tulbi tn 1 ja 3 vahel ei põle 2 tänavavalgustuslampi (Talve tee poolt vaadatuna 3. ja 4. lamp), mis muudab väikese tänava väga süngeks ja pimedaks. Kas oleks võimalik need tänavalgustused korda teha palun.",lamp,,
58.2537425293596,22.4885831773281,2016-10-31 00:05:31,"Kuressaare linn",vaadatud,"Euronicsi tagumine uks, piiksuv heli.",,http://www.anna-teada.ee/photos/f93e6ada-9eec-11e6-ab6a-a2533b7948e7.jpg,
59.3858665584278,28.1935398280621,2016-10-30 14:25:10,"Narva linn",ei ole vaadatud,"Rakvere 31,  Narva.  Parkimine jalakäijatee peal.",,http://www.anna-teada.ee/photos/b3e2ea66-aa62-4a63-a5a0-d9602add6e34.jpg,
59.3861496451875,28.1952758878469,2016-10-30 14:12:34,"Narva linn",vaadatud,"Rakvere 31, Narva. Parkimine jalakäija tee peal.",,http://www.anna-teada.ee/photos/1804127d-0d5d-4ea2-b312-a14881f5dcd4.jpg,
59.3125530191429,24.5527267456055,2016-10-29 22:03:36,"Saue linn",ei ole vaadatud,"Kiviloo rajoonis ei pöle tänavavalgustus. 28 ja 29.10 2016. Palun lūlitage sisse",lamp,,
59.216644844003,24.6480642724782,2016-10-29 19:45:07,"Kohila vald",ei ole vaadatud,"laupäeva 29.10 hommikul  suleti tee liiva ja killustiku koormaga. ilmselt vajalik materjal kõrval oleval krundil tööde teostamiseks. Õhtuks ilmslet ei jõutud töödega valmis ning liiva ja killustiku hunnik jäi ikka liiklust takistama. Tänav on valgustamata ühtegi liiklusmärki ei ole kasutatud, hunnikud on pilkases pimeduses ja kui keegi sinna otsa sõidab, siis ilmselt kõik kehtivad õlgu.  lisaks on teega külgnev ala saanud masinate ratastest kannatada ning ilmselt teed ei remondi keegi.",,http://www.anna-teada.ee/photos/44ba7246-ee68-4402-a280-eabadbe3b49b.jpg,
59.3102654110508,24.4160601496696,2016-10-29 17:30:54,"Keila linn",ei ole vaadatud,"Keila, paldiski mnt. 5 maja ees on tänavavalgustusposti küljest alla kukkunud valgus kaunistus.",lamp,http://www.anna-teada.ee/photos/bbe0188b-9893-4da9-999a-85530dcf600c.jpg,
59.4065267046871,24.6284495294094,2016-10-29 17:16:57,"Tallinna linn",vaadatud,"Seoses suvel toimunud liiklusõnnetusega tuleks siit vaatevälja piiravad sõidukid eemaldada. ",,,
59.4111851184251,24.6469215676418,2016-10-29 17:11:18,"Tallinna linn",ei ole vaadatud,"Valgusfoori varjab ära liiklusmärk ja teisselpool kui buss ka ees ei näegi valgusfoori enne väga lähedale jõudmist",,http://www.anna-teada.ee/photos/02C0C9C9-9187-47E2-A4AE-A0770E8F2E78.jpg,
58.284956859479,24.6021992527178,2016-10-29 17:09:34,"Tahkuranna vald",ei ole vaadatud,"Katki",,http://www.anna-teada.ee/photos/40BEF8C2-1EC8-4FB9-8BB4-6FB00B37F300.jpg,
59.2788592142069,24.5192366838455,2016-10-29 16:21:02,"Saue vald",vaadatud,"Pinnase ja jäätmete kuhjamine Jõgisoo piima taga asuvale platsile. Kas selline mulla ja muu sodi pidev veokitega kohalevedu on seaduslik?",prügi,,
59.3609083333333,24.6994383333333,2016-10-29 15:26:25,"Tallinna linn",vaadatud,"Kasutatud autorehvide hunnik",,http://www.anna-teada.ee/photos/487150A6-D334-4713-8B0F-14E5E3C24A06.jpg,
59.3874416040248,24.8247433081269,2016-10-29 13:39:07,"Rae vald",vaadatud,"Üks laternapost hakkab ümber kukkuma. ",,http://www.anna-teada.ee/photos/d4b8a532-7dac-4a8b-8c98-90eee781c53a.jpg,
58.3762877657328,24.6227860450745,2016-10-29 11:57:56,"Paikuse vald",vaadatud,"Vastvalminud kergliiklustee alguses tekib sõiduteele saju korral veeloik, Pole ilmselt arvestatud olemasoleva sõidutee ja kergliiklustee ning sealt mahasõidu asfaldipindade suhteliste kõrgustega.",,,
59.4425297317677,25.3378415107727,2016-10-28 21:12:33,"Kuusalu vald",vaadatud,"Tere!  Tallinn-Narva mnt 35km, pildil nähtava liiklusmärgi ja kivikalme (kinnismälestis 18327) kõrval on truubilt varastatud kanalisatsioonikaevuluuk. Olles vastne pärija, siis oodatakse minult tõenäoliselt kivikalme puhastamist võsast ja puudest? Samas tähendaks maas olev auk ohtu võimalikele huvilistele, kes kivikalmet uudistama tuleksid.",auk,http://www.anna-teada.ee/photos/5cbc1848-0e5a-40e8-9542-fa8d797bcaa2.jpg,
59.4275646051835,24.7199108451605,2016-10-28 20:09:21,"Tallinna linn",ei ole vaadatud,"Taksopargi ristmikul ei tööta juba teist päeva üks jalakäijate foor",,http://www.anna-teada.ee/photos/81be9f26-718d-42c4-b681-893e56d10d56.jpg,
58.648005778586,25.9719435900843,2016-10-28 19:20:09,"Põltsamaa linn",ei ole vaadatud,"Tere.Pikk ja Tamme nurgal tänavavalgustus ei põle pikemat aega.Aitäh",lamp,,
59.3860583333333,28.173845,2016-10-28 16:42:12,"Narva linn",ei ole vaadatud,"Мусорки поставлены... но кто их опустошает..? ",,http://www.anna-teada.ee/photos/FD818939-6AE1-4F84-AF75-E6114492C2E5.jpg,
59.4906628985298,25.6134223937988,2016-10-28 12:39:39,"Kuusalu vald",ei ole vaadatud,"Kolga bussipeatus, linna poolt tulevatele bussidele on juba mitmeid kuid pime. Kuna bussile eraldi taskut pole ja kummaltki pool valgus sinna ei ulatu on see väga ohtlik paik ja valgusti peaks kiiremas korras korda tegema!  Teise bussipeatuse juures oleva valgusti kustub vahelduva eduga ära ja läeb siis mõne minuti pärast uuesti põlema, ka selle peaks üle vaatama.  Ootame nobedat tegutsemist.",lamp,,
57.9005334708324,24.375958442688,2016-10-28 11:28:39,"Maanteeamet",vaadatud,"Tere! Olen jätkuvalt hädas Eesti Keskkonnateenused teenindamisega, kes ei tühjenda minu prügikonteinerit! Probleem on kestev juba kevadest saadik. Kirjutasin teile juba 11.10 aga ei ole vastust saanud",,,
59.0143944687586,25.0534468889236,2016-10-28 08:58:11,"Kaiu vald",vaadatud,"Tänavavalgustus ei põle. Kasvandu teel koolimajast vallamajani.",lamp,,
58.9555858336401,25.1596570014954,2016-10-28 08:50:41,"Maanteeamet",vaadatud,"Autod sõidavad liiga kiiresti küla vahel. Tuleb panna kiirust piiravad märgid.",,,
58.9375992649706,23.5444092750549,2016-10-27 23:04:00,"Haapsalu linn",vaadatud,"Tervist, väike probleem kuuse tänavasl.Kuna rahvas on nii rikkaks saanud,et igal inimesel on auto mõnel isegi kaks.On tekkinud  parkimis probleem,pargitakse isegi murule ja teepeale nii kuidas juhtub.Äkki saaks mingi märgi panna,et kõik aru saaks kummale poole teed parkida ja kumba pidi.Et siis kuuse6-est koolini",,,"teadmiseks võetud"
59.3040868269558,24.6455526351929,2016-10-27 19:41:33,"Saku vald",vaadatud,"Tere. Pähklimetsa tee 13 maja ees asuv tänavavalgusti ei tööta ja selles piirkonnas ( Pählimets tee ja Luha tee nurk) on veel tänavavalgustusteid, mis on juba pikka aega pimedad.",,,"Teadmiseks võetud"
59.3048167408465,24.4306275621057,2016-10-27 11:44:12,"Keila linn",ei ole vaadatud,"Tere Olen Keila Kanarbiku 19 elanik ning paraku on meie tänaval üha enam tänavavalgustposte kustunud. Konkreetselt minu elukoha juures põleb käesolevaks ajaks 8-st labist vaid üks (vt lisatud joonis). Kuna õhtud lähevad üha pimedamaks ja mh lapsed peavad pimedas liikuma, siis palun võimalusel olkorda parandada. Lugupidamisega Indrek Viks",,http://www.anna-teada.ee/photos/421003ba-1335-4fdd-8fd3-9d89553aa2bb.jpg,
58.347971504138,26.6586036084118,2016-10-27 09:36:28,"Ülenurme vald",vaadatud,"Kristalli 27 maja ees olev tänavavalgustus lamp ei põle korralikult, vilgub. Pirn vajab vahetust.",lamp,,
58.3805206712478,24.48657602989,2016-10-27 08:48:29,"Pärnu linn",ei ole vaadatud,"Pärnu rannapargis lõhutud pargipingid.",,http://www.anna-teada.ee/photos/F81518D2-CB1B-481E-91D0-159ADFAB2E65.jpg,
58.8883289819652,25.7169342041016,2016-10-27 08:44:47,"Paide vald",vaadatud,"Paide vallas,Sargvere, Pärna1 ei põle tänavavalgustus.",lamp,,
58.0909026052311,24.4951343536377,2016-10-26 21:01:00,"Häädemeeste vald",vaadatud,"Valla tee on väga halvas seisus! Kaardile märgistatud punktist ca. 100 meetrit mõlemale poole ! Enne talve tulekut oleks veel võimalik tegutseda ja teekate korrastada! Tee pole piisavalt lai ja on väga ebatasane !",,,
58.3935033425892,24.4850921630859,2016-10-26 17:18:40,"Pärnu linn",ei ole vaadatud,"Taaratünn on juba üle 3 nädala täis ja inimesed jätavad oma taara tünni kõrvale või viskavad kõrval olevasse Paikre makulatuuri kasti.",,http://www.anna-teada.ee/photos/17cddc92-9b87-11e6-afbd-a2533b7948e7.jpg,
58.3479602440272,26.65860414505,2016-10-26 13:28:00,"Ülenurme vald",vaadatud,"Kristalli 27 ees tänavavalgusti vajab uut pirni.",,,
59.3316366581886,26.3505470752716,2016-10-26 12:44:53,"Rakvere linn",ei ole vaadatud,"Terviserajal ei põle üks valgusti.",lamp,,
59.1702433665954,26.5959101915359,2016-10-25 20:24:45,"Vinni vald",vaadatud,"Roelas järve tänaval ei põle valgusti, kohe peale silda pingi kõrval suunaga kooli poole",lamp,,
59.0037546623126,24.7971510887146,2016-10-25 20:10:22,"Rapla vald",ei ole vaadatud,"Tere. Eha tn alguses kord põleb, kord ei põle teise posti küljes olev tänavavalgustus. Probleem juba pikemat aega. Tänan.",lamp,,
58.0788917284698,24.4981384277344,2016-10-25 17:24:38,"Maanteeamet",vaadatud,"Sooviksin juhtida valla tähelepanu sellele, et valla noortel oleks tegevust värskes õhus. Nimelt võiks olla Häädemeeste noortel koht,  kus sõita rula ja tõukerattaga. Häädemeestele võiks ehitada väiksemat sorti skate-pargi. Kas vallal on plaanis lähimal noorte vabaaja veetmise võimalusi laiendada?",,,
59.4030919579009,24.6987934783101,2016-10-25 17:01:49,"Tallinna linn",vaadatud,"Müramõõtja katki",,,
59.471813772913,25.095663464017,2016-10-25 12:04:19,"Jõelähtme vald",ei ole vaadatud,"Tere, Rebala külas, 'Lastekangrute' kivikalmete parkimisplatsile on viidud suur kogus jäätmeid, sh ohtlikke, milledest on juba ka õlireostus tekkinud.",prügi,http://www.anna-teada.ee/photos/3bbd7b33-659c-46e1-b726-a6ea53ad46fb.jpg,
59.4754996283385,24.9322288503754,2016-10-25 10:31:08,"Maardu linn",vaadatud,"Tänavavalgustus ei põle Põldheina tee 38 ja 40 kruntide ees (2 tänavavalgustuse laternat ei põle) ja Põldheina tee 32 ja 34 kruntide juures (1 latern ei põle).",lamp,,
58.3725803399403,26.7566174268723,2016-10-25 08:57:23,"Tartu linn",vaadatud,"Vasakule keeramise foor ei tööta. Ootasin 10 minutit ja ikka jäi tuli fooris punaseks. Sama probleem on ka fooriga, kui keerata Luha tänavalt Kalda teele ( vasakule).",,http://www.anna-teada.ee/photos/e5e7ca68-9a77-11e6-b11d-a2533b7948e7.jpg,
58.3823909489353,24.5167744159698,2016-10-24 21:08:36,"Pärnu linn",vaadatud,"Ohtlik koht. 2 kooli on lähedal",,http://www.anna-teada.ee/photos/e1e3da46-9a14-11e6-b1d4-a2533b7948e7.jpg,
59.3271248477191,24.5451612398028,2016-10-24 20:19:55,"Saue vald",vaadatud,"Lamp ei põle. Kustub iga natukese aja tagant. ",lamp,http://www.anna-teada.ee/photos/49a9d288-c1d9-4b7d-b941-0645b33ca619.jpg,"ok"
59.4288853387392,24.7582691162825,2016-10-24 15:55:47,"Tallinna linn",ei ole vaadatud,"Reklaam blokeerib kõnnitee.",,http://www.anna-teada.ee/photos/8737438d-d63b-428f-ad0a-0ba96cea4afd.jpg,
59.2785111730695,26.4207458496094,2016-10-24 10:54:20,"Vinni vald",vaadatud,"Pajusti- Rakvere kergliiklustee äärse heki piiramisel tekkinud hakkesodi ei võimalda kergliiklusteel normaalselt liikuda. Rullsuusatajad on väga hädas. Eelmisel aastal sain vastuse, et see tee ei olegi sportlastele mõeldud! Tähelepanu, rullsuusatavad ka lapsed ning noored ja väikeste ratastega tõukerattale ja lasterattale on ka oksatükid väga ohtlikud. Aitäh!",,,"esimesel võimalusel"
59.4371895692907,24.8069898728117,2016-10-24 07:49:34,"Tallinna linn",vaadatud,"Tänavavalgustuslamp ei põle",lamp,,
58.6519414063532,26.60888671875,2016-10-23 17:17:24,"Palamuse vald",vaadatud,"Selline näeb siis välja Luua soe vesi. Kõigepealt kaob soe vesi ära nii, et keegi ei teavita. Mis sest, et siin elab inimesi ja väikesed lapsed. Ja kui küsida ja uurida miks ei teavita ei oska mitte keegi öelda. Tuleb vastuseks 'mis ma teha saan'. Ei ole see esimene kord kui õhtul on kergelt leige vesi, aga soojavee eest küsitakse raha. Sellise värviga vesi ei kutsu kohe üldse sellist vett kasutama.",,http://www.anna-teada.ee/photos/47288690-68e1-4c2b-8a15-f314a2bab57b.jpg,
58.3974503237267,24.6487605571747,2016-10-23 13:05:58,"Sindi linn",vaadatud,"Tänavavalgustus ei tööta. Eelmisel aastal oli sama probleem samas kohas.",lamp,,
58.2912778606069,26.4698168635368,2016-10-22 19:41:46,"Maanteeamet",vaadatud,"Tere,  Nõo-Meeri tee üleminek (just Mõisa tee poole jääv osa) ristuvast Rõhu-Meeri-Tõravere teest on väga terav ja raskesti sõidetav ning autot lõhkuv.Kuna Nõo poole minnes on ülesõit lisaks veel vastu mäge,siis ka ohtlik,kuna tähelepanu tuleb lisaks ohutuse tagamisele jagada ka auto terveks jäämisele. Olen sellest probleemist korra juba teada andnud ja Maanteeametist lubati saata kohale spetsialist olukorra hindamiseks.Kui seda on tehtud ja spetsialist on olukorra rahuldavaks hinnanud,siis mina kohaliku elanikuna(kes sõidab sealt üle vähemalt 5 korda nädalas ja kaks korda päevas),julgen väita,et see ülesõit ei ole rahuldavas korras.Palun olukord lahendada veel enne talve saabumist.  Lugupidamisega,  Sven Ohno",,http://www.anna-teada.ee/photos/261777f0-a63b-44e7-bb0f-6d3a34da4f1f.jpg,
58.3874358097635,26.7003974039356,2016-10-22 15:34:28,"Tartu linn",vaadatud,"Mänguväljak katki",,http://www.anna-teada.ee/photos/D41C6A5B-CF7A-4676-9D3F-5896F365F957.jpg,
59.4123713557745,24.6391491964459,2016-10-22 15:10:11,"Tallinna linn",ei ole vaadatud,"Ülekäigurada vajalik",,,
58.7311583721408,25.8419491235479,2016-10-21 18:44:50,"Maanteeamet",vaadatud,"Metskits tee peal.",,,
59.329519216174,24.5314335788134,2016-10-21 15:12:07,"Saue vald",vaadatud,"Tere! Tee äärsesse kraavi on visatud 2 suurt diivanit ja 2 tumbat. Kahjuks ei olnud telefoni kaasas, et pilte teha.",,,
59.3486943143798,26.3630852486095,2016-10-21 15:10:27,"Rakvere linn",ei ole vaadatud,"Võimalusel võiks sõiduradade märgistuse tekitada.",,,
59.3498208013177,24.6196746826172,2016-10-21 08:30:08,"Saue vald",vaadatud,"Koidu külas, Koidu teel maja nr 26 vastas ei põle tänbavavalgustuslamp.",lamp,,"ok"
58.5594,25.5594,2016-10-20 15:59:47,"Suure-Jaani vald",vaadatud,"Kobras langetab asulas puid ja uuristab kaldaid oma urgudega.",,http://www.anna-teada.ee/photos/b0e670d1-b8fe-48fd-9940-bc3cafdb751d.jpg,
58.1568809425406,27.2035217285156,2016-10-20 13:28:05,"Mooste vald",vaadatud,"Mooste vallas Kauksi asulas on mõned mahajäetud hooned, mille uksed ei ole suletud ja mis sisaldavad endas ohte. Nendeks on kasutusel mitteolev tankla ja seal lähedalasuv kuivati, milles on ka varinguoht ja aukudesse sissekukkumiseoht. Palun Mooste vallavalitsusel teavitada antud hoonete omanikke ja paluda nende hoonete uksed/sissepääsuteed sulgeda.",,,
59.4721464433145,24.9235253812523,2016-10-20 13:15:54,"Maardu linn",vaadatud,"Väga halvas seisukorras teekate. Augud sügavusega kuni 10cm ja laiusega kuni 1m. Tee on liiklusohtlik.",auk,http://www.anna-teada.ee/photos/9CE1A15A-D71B-4533-A2B2-887DC218162C.jpg,
57.8360306918165,27.0109820365906,2016-10-19 22:55:11,"Võru linn",vaadatud,"TÄNA KELL 22.35 TOIMUB PINNASEHÕÕVELDUS VÕRU MAKSIMARKETIGA PIIRNEVAL ( KORTERELAMUTE VAHETUS LÄHEDUSES)  ALAL.,. KUI LASTESÕBRALIK MEIE LINN SIIS ON, ET VÄIKELAPSED HILISTUNNIL  ÄRKVELE SUNNITAKSE? EELDAN ARUKAT SUHTUMIST!  TÄNAN!",,,
59.4402150977002,24.854679107666,2016-10-19 20:23:05,"Tallinna linn",vaadatud,"Antud mahasõidu lõpus puudub liilusmärk 'kiirusepiirang 70 km/tunnis'. seetõttu tekib olukord, kui sõiduk sõidab Lagna teele Varraku sillast Liiklusseaduse kohaselt peab ta Mustakivi Statoil tanklani sõita kiirusega 50 km/tunnis, kuna tegu on asulateega.",,http://www.anna-teada.ee/photos/b234df0e-9620-11e6-93bd-a2533b7948e7.jpg,
59.5357334983821,24.8618161305785,2016-10-19 20:20:39,"Maanteeamet",vaadatud,"Pikali sõidetud liiklusmärk.",,,
59.2037342602317,25.1083946228027,2016-10-19 19:59:12,"Kose vald",vaadatud,"Tere! Me pere on teile ka varem sellel teemal kirjutanud, kuna eelmisest korrast ei olnud kasu, siis kirjutan uuesti. Mureks oli see, et Kose-Uuemõisa tänavatel liigub väike koer (musta, valge ja kollase karvaga). Endiselt lõhub ta meie aeda. Käib meie aias. Koer liigub lahtiselt tänavatel ringi juba mitu aastat ja on ka kuri. Midagi tuleb selle koeraga ette võtta.",koer,,
58.3815639521145,26.6974710300565,2016-10-19 17:26:28,"Tartu linn",vaadatud,"Veeriku mänguväljaku karussellil on laagrid läbi.",,http://www.anna-teada.ee/photos/23e6f5e3-b007-4ffd-b8a1-7d68c946d3c6.jpg,
58.3757125,26.6884572,2016-10-19 17:23:42,"Tartu linn",vaadatud,"Veeriku mänguväljaku karusselli laagrid on läbi.",,http://www.anna-teada.ee/photos/5caa34c2-8171-4f44-aebe-b58c6bd21267.jpg,
59.268090814881,25.9605936147273,2016-10-19 08:16:38,"Tapa vald",vaadatud,"Palun leida võimalus Õuna ja Kuke tänavate ristumiskoha valgustamiseks. Õuna tänava teelõigul Ülesõidu ja Valgejõe puiestee vahel puudub jalakäiate ohutuks liiklemiseks jalgtee ning tänavavalgustuse puudumine märgitud kohas muudab selle veelgi ohtlikumaks.",lamp,,
59.479658565004,24.9602937698364,2016-10-18 20:30:57,"Maardu linn",vaadatud,"Tere  Raudkivi tänaval ei põle Kivileete tänava poolses otsas vähemalt 2 tänavavalgustus lampi. Täitsa kottpime on.",lamp,,
59.4900746387573,24.9417114257812,2016-10-18 20:28:42,"Viimsi vald",ei ole vaadatud,"Tere!  Raudkivi tänaval Kivileete tee poolses otsas ei põle vähemalt 2 tänavavalgustus lampi. Tänava ots on kottpime.",lamp,,
58.3976864538878,24.5017004013062,2016-10-18 19:28:52,"Pärnu linn",vaadatud,"Rohu tänava lõik Rohelisest kuni Kirsi tänavani, on kottpime, mitte ühtegi lampi ei põle Rohu tänaval, lisaks ei põle Kaevu tänavalt alates Ojast kuni Lille tänavani ühtegi tänavavalgustust ja see ei ole ainult ühekordne probleem. PS Soovin homse tööpäeva lõpuks lahendus või põhjendust minu emailile, miks ei suvatseta tulesid põlema läita. Rohu tänavat pidi liigub palju koolilapsi!!!! Pilte pole mõtet panna must ruut on ainult",lamp,http://www.anna-teada.ee/photos/f4d77e10-954f-11e6-b711-a2533b7948e7.jpg,
59.3992699491357,24.6445860341191,2016-10-18 16:07:58,"Tallinna linn",vaadatud,"Puruks pekstud klaas kergliiklusteel väga laial alal",,http://www.anna-teada.ee/photos/4e246712-7a64-453f-9bf8-2f71c5c7cda2.jpg,
59.3518221332313,27.4064359534787,2016-10-18 10:29:26,"Maanteeamet",vaadatud,"Kaasiku tänaval on üks tänavavalgustuspost paigast ära",,http://www.anna-teada.ee/photos/B01698F9-786F-46E7-9C7C-09E949B65587.jpg,
59.4803648294781,24.9432935938239,2016-10-18 10:16:28,"Maardu linn",vaadatud,"Tere, saadan foto Karikakra tee läbitavuse kohta enne sügisvihmade algust. Vajalik täita augud, ühildada kergliiklustee rajamise töödega samas piirkonnas. Ette tänades Ene Varend",auk,http://www.anna-teada.ee/photos/a18d3c2c-cca2-4a5d-b89e-08d03ad1afd8.jpg,
59.0065625,26.271929,2016-10-18 09:47:59,"Rakke vald",vaadatud,"Teetruubi pealse pinnase ärauhtumine",,http://www.anna-teada.ee/photos/826f5b99-cd19-4f57-87ae-e314be19390b.jpg,
59.2209340761504,24.43359375,2016-10-17 22:27:56,"Kernu vald",ei ole vaadatud,"Siniõie tee 8  , Suurupi küla , Harku vald , Harjumaa  maja juures ei põle tänavavalgustus .",lamp,,
59.4594329037326,24.8743683658772,2016-10-17 20:21:19,"Tallinna linn",ei ole vaadatud,"Pirita Kose VAK pargis laste mänguväljaku ja spordiplatsi juures on suur puu ümber kukkunud.",puu,http://www.anna-teada.ee/photos/AD43524E-155A-4BBE-BBCA-F71F90956690.jpg,
59.5044142533642,26.514994543686,2016-10-17 16:24:27,"Kunda linn",ei ole vaadatud,"Tere Teavitan teid tänavavalgustuse probleemist postide 7-28 kuni 7-34 vahel. 10.10.2016 tehti linna valgustuse töid siis kaks õhtut lambid põlesid ja tänaseks on jälle pimedus. Palun anda teada mis probleem on, olen huvitatud.",lamp,,
58.3453618774639,25.6355667114258,2016-10-17 16:05:09,"Viljandi vald",vaadatud,"Tere  Olen Viljandi linna Nisu tn. elanik. Tänav on kohutavas seisus. Sooviks väga, et linn aitaks neid auke parandada. Lisan ka 3 pilti tänava olukorrast.",,http://www.anna-teada.ee/photos/d94b8004-3c12-403c-b126-c3e61f10d618.jpg,
58.9999918251484,24.7883641719818,2016-10-17 14:21:23,"Rapla vald",ei ole vaadatud,"Tere. Nurmenuku tänavavalgustuse lamp ei põle (asub umbes Nurmenuku 4 väravas)  juba viimased 6 kuud, käes jälle pime aeg.... Oleks tore kui korda saab, sest muidu see tänava jupp ikka väga pime. Tänan.",lamp,,
59.5038590099279,26.5137777349446,2016-10-17 13:32:50,"Kunda linn",ei ole vaadatud,"Pikemat aega on pime Eha tänav Mäe ja Koidu tänavate vahelisel ajal. v ahepeal kaheks ööks anti valgust, nüüd on endiselt pime. Kas Jõuludeks ikka saame valgustatud tänava või jätkub 'kokkuhoiu 'reziim terveks talveks?",lamp,,
58.9389430473601,23.5530433058739,2016-10-17 09:31:24,"Haapsalu linn",vaadatud,"Tamme 1 sissesõidu tee vajab hooldust - tee on auklik.",auk,,"teadmiseks võetud"
59.3761380700716,25.0770395994186,2016-10-17 07:21:15,"Maanteeamet",vaadatud,"Tere,  Sarapiku tee viimane tänavavalgustuse lamp ei põle. Lastel on hommikul ja õhtul seal väga pime käia (kodu asub veel edasi ja õues täiesti pime).",lamp,,
59.6002180205639,25.5004031583667,2016-10-16 13:10:10,"Kuusalu vald",vaadatud,"Meri rikkus teed,.Prügiauto ei saa sõita mööda",,http://www.anna-teada.ee/photos/ca514f7b-8875-436d-8365-24fae62ab7c0.jpg,
58.2201977952613,26.4390009641647,2016-10-16 11:58:42,"Elva linn",vaadatud,"Tee servas suur sügav löökauk. ",auk,http://www.anna-teada.ee/photos/bc5dfcb2-937e-11e6-8429-a2533b7948e7.jpg,
59.3573211227165,26.3664940651752,2016-10-15 21:56:00,"Rakvere linn",vaadatud,"Löökauk",auk,http://www.anna-teada.ee/photos/C4328C07-C74A-4281-8E83-9582B4A84133.jpg,
58.8946703618782,25.5712366104126,2016-10-15 16:18:56,"Paide linn",vaadatud,"Suur tänavaauk paide olerexi väljasõidul. Kraabib auto põhja",,http://www.anna-teada.ee/photos/ecb3bef6-92d9-11e6-83aa-a2533b7948e7.jpg,
59.3114443263591,24.7214760817818,2016-10-15 14:34:51,"Saku vald",vaadatud,"Prügi kotis.",prügi,http://www.anna-teada.ee/photos/3ECC8093-93EA-42C9-BF1F-F4230FDA060A.jpg,
59.386476096948,28.1866720318794,2016-10-15 09:22:59,"Narva linn",ei ole vaadatud,"Проезд от дома 45 до дома 49 по улице Пушкина. Освещения нет ,тратуар весь как после бомбежки, и нет ни одного знака который бы хоть как то ограничивал скоростной режим. ",,http://www.anna-teada.ee/photos/dc994606-9e8c-4d27-b902-c2b76e070ad5.jpg,
58.2499319043619,22.5075256079435,2016-10-14 18:51:48,"Maanteeamet",vaadatud,"2 led riba l@bi minemas.",,http://www.anna-teada.ee/photos/2ea376e1-4bef-43f3-9907-8ec0f2c35d00.jpg,
58.6533434578127,25.9781799372286,2016-10-14 15:20:42,"Põltsamaa linn",vaadatud,"Tere! Nüüd läheb juba vara pimedaks ja tuleb käia piki kõnniteed K.A.Hermanni tänaval (see on kase-allee).  Seda tänavat pidi käivad paljud täiskasvanud töölt koju ja lapsed tulevad koolist või huviringist koju.  Tee otstes põleb valgustus, kuid ülejäänud vahepealne tee on väga pime ja päris raske on pilkases pimeduses liikuda. Kuigi seal on valgustuspostid ja varasematel aastatel neil tuled põlesid, siis nüüd seal valgustust enam ei ole. Minu küsimus oleks, et kas neid valgusteid või kasvõi üht seal tee keskel ei ole võimalik uuesti põlema panna, et poleks nii kole pime liikuda?",lamp,,"Anname tänavavalgustuse hooldajale info edasi"
59.37531,28.1930467,2016-10-14 12:57:26,"Narva linn",ei ole vaadatud,"Tarakonteiner is full",,http://www.anna-teada.ee/photos/48d2d750-2fff-4d5a-94c2-67f64c27b838.jpg,
59.3842796580046,28.1877110525966,2016-10-13 22:19:53,"Narva linn",ei ole vaadatud,"Работы закончились более недели назад, а знак еще стоит",,,
59.4078045777791,24.6176402270794,2016-10-13 20:02:12,"Harku vald",ei ole vaadatud,"Lambid ei põle, osaliselt. ",lamp,,
58.3605339677056,25.6451017968357,2016-10-13 18:10:18,"Maanteeamet",vaadatud,"Probleemiks on tähistamata rekade töövälisel ajal parkimine. Hommikusel kooli kiirustamise ajal on väikestel lastel eriti ohtlik Väluste teed ületada. Vaateväli suurelt varjatud(vahest kaks rekat ,vahel järelkäruga täislastis palgikoormaga). Väljas läheb ka iga päevaga hämaramaks.",,,
58.3876720220196,24.5077192783356,2016-10-13 15:53:51,"Pärnu linn",vaadatud,"Kas oleks võimalik Lai tn-l ajutiselt märkidega või sebraga märgistada Vanalinna põhikooli õpilaste jaoks tee ületamise koht nii kaua kuni nad kasutavad Decora kõrval platsi kehalise tunni jaoks?  Laste üle tormamine on siin igapäevane probleem ja seda teevad nii suuremad kui väiksemad. Iga päev näen, et liiklusreeglid on lastel meelest ja tuulest.",,http://www.anna-teada.ee/photos/170dc468-9144-11e6-9ef8-a2533b7948e7.jpg,
59.3603381288508,24.5851922035217,2016-10-13 14:06:41,"Saue vald",vaadatud,"Uuetoa tee, Alliku küla, Saue vald. Probleem selles, et uus tee on kenasti valmis tehtud, kuid teekatte servad on ühelt poolt ligemale 50 ck kõrgusel ja teiselt poolt pisut vähem. Kuna teetegijate kontakte ei tea siis edastan probleemi valda. Kui talvekuudel peaks sõiduk libisema sellelt teekattelt välja siis väiksem sõiduk võib sellise kõrguse pealt ka katusele rulluda. Tee on kitsas ja talvekuudel võib see probleemseks osutuda. Minu küsimus on kas teetegijad ka korrastavd teekatte servad, ehk ühtlustavad teekatte tasapinna tee servaga?",,,"info käes"
58.3959547959759,26.87255859375,2016-10-13 13:25:34,"Luunja vald",ei ole vaadatud,"Tere  Ülenurmes, Heki 14a ja Heki 16 piiril ei põle tänavalgustus juba vähemalt 3 kuud. Palun likvideerida probleem. Tänan.",lamp,,
59.3575221,26.368434,2016-10-13 10:59:03,"Rakvere linn",vaadatud,"Auk",auk,,"võetud täitmiseks"
58.3727760232794,24.5303205773234,2016-10-13 08:04:24,"Pärnu linn",vaadatud,"Õuealal ei peeta kiiruspiirangust kinni.  Kooli kõrval.  Ohtlik koht.  Lahenduseks oleks lamav politseinik. ",,http://www.anna-teada.ee/photos/a5f7cf8c-9086-465b-a09c-3c82b0a39447.jpg,
59.3598039192984,26.3680766522884,2016-10-12 21:20:15,"Rakvere linn",vaadatud,"Tormi tänava ja Arkna tee ristmikul aia ääres lebab mitmendat päeva surnud kass. ",,http://www.anna-teada.ee/photos/85b63f68-90a8-11e6-9d34-a2533b7948e7.jpg,
59.3066033571083,24.6705722808838,2016-10-12 18:23:43,"Saku vald",vaadatud,"Ülekäik vajab korrastamist",,http://www.anna-teada.ee/photos/dc1ca0f4-908f-11e6-aad9-a2533b7948e7.jpg,
58.312825249836,26.6998940706253,2016-10-12 11:45:24,"Ülenurme vald",vaadatud,"Tere, Aasa elamurajoonis Kurekella tn 11 ja 13 ees ei tööta tänavavalgustuse lambid - enamasti ei põle ning aeg-ajalt lülituvad hetkeks sisse - ülejäänud tänava osal lambid töötavad.",lamp,,
58.8998774057223,24.4237197875191,2016-10-12 07:42:42,"Märjamaa vald",ei ole vaadatud,"Metsa tänaval ei põle hommikuti tänavavalgustus.",lamp,,
